code,program
EAB,Adolescent
EAD,Adolescent
EAF,Adolescent
EAJ,Adolescent
EAM,Adolescent
EMD,Adolescent
ETH,Adolescent
PES,Adolescent
EAT,Art
ECH,Childhood
ECK,Childhood
ESH,Early Childhood
ESJ,Early Childhood
EDL,Ed Leadership
ELD,Ed Leadership
EDX,Ed Tech
ELA,Literacy
ELB,Literacy
ELY,Literacy
EAH,Special Ed
EAV,Special Ed
EEC,Special Ed
EIS,Special Ed
EBA,TESOL / Bilingual
EBB,TESOL / Bilingual
EBI,TESOL / Bilingual
ECU,TESOL / Bilingual
ETE,TESOL / Bilingual
ETN,TESOL / Bilingual
EZT,TESOL / Bilingual